"","pval.exposure","pos.exposure","samplesize.exposure","chr.exposure","se.exposure","beta.exposure","id.exposure","SNP","effect_allele.exposure","other_allele.exposure","eaf.exposure","exposure","mr_keep.exposure","pval_origin.exposure","data_source.exposure"
"1",2.52e-19,186461181,29028,"3",0.005893,-0.054666,"ieu-a-1","rs2062632","C","T",0.6864,"Adiponectin || id:ieu-a-1",TRUE,"reported","igd"
"2",1e-200,186570453,24865,"3",0.008685,-0.154104,"ieu-a-1","rs17366568","A","G",0.90833,"Adiponectin || id:ieu-a-1",TRUE,"reported","igd"
"3",3.66016e-11,52720080,29338,"3",0.004382,0.029927,"ieu-a-1","rs1108842","C","A",0.4583,"Adiponectin || id:ieu-a-1",TRUE,"reported","igd"
"4",1.88999e-08,150055561,29319,"3",0.007542,-0.043765,"ieu-a-1","rs1597466","T","G",0.09167,"Adiponectin || id:ieu-a-1",TRUE,"reported","igd"
"5",1e-200,186548565,29140,"3",0.004788,-0.066402,"ieu-a-1","rs6810075","C","T",0.6333,"Adiponectin || id:ieu-a-1",TRUE,"reported","igd"
"6",2.80996e-11,186591003,21869,"3",0.008464,-0.058149,"ieu-a-1","rs7615090","G","T",0.8833,"Adiponectin || id:ieu-a-1",TRUE,"reported","igd"
"7",1.07999e-08,126481475,24084,"8",0.005059,0.029851,"ieu-a-1","rs2980879","T","A",0.375,"Adiponectin || id:ieu-a-1",TRUE,"reported","igd"
"8",2.43002e-08,20498036,29178,"12",0.004594,0.026448,"ieu-a-1","rs7955516","C","A",0.4417,"Adiponectin || id:ieu-a-1",TRUE,"reported","igd"
"9",3.8699e-11,123174743,29325,"12",0.005719,0.039007,"ieu-a-1","rs601339","G","A",0.15,"Adiponectin || id:ieu-a-1",TRUE,"reported","igd"
"10",2.61e-08,124437668,29252,"12",0.006419,0.036875,"ieu-a-1","rs7964945","A","T",0.8083,"Adiponectin || id:ieu-a-1",TRUE,"reported","igd"
"11",2.86003e-09,74255230,7850,"15",0.055421,-0.339734,"ieu-a-1","rs8042532","G","T",0.991667,"Adiponectin || id:ieu-a-1",TRUE,"reported","igd"
"12",1e-200,82663288,15593,"16",0.018107,-0.276549,"ieu-a-1","rs12051272","T","G",0.009091,"Adiponectin || id:ieu-a-1",TRUE,"reported","igd"
"13",1.29003e-11,81512821,29184,"16",0.00451,0.031514,"ieu-a-1","rs2927324","T","C",0.4746,"Adiponectin || id:ieu-a-1",TRUE,"reported","igd"
"14",2.19989e-13,33899065,29166,"19",0.004838,0.036626,"ieu-a-1","rs731839","A","G",0.6724,"Adiponectin || id:ieu-a-1",TRUE,"reported","igd"
