"","chr.exposure","pos.exposure","beta.exposure","se.exposure","pval.exposure","samplesize.exposure","id.exposure","SNP","effect_allele.exposure","other_allele.exposure","eaf.exposure","exposure","mr_keep.exposure","pval_origin.exposure","data_source.exposure"
"1","1",93182976,-0.0905,0.0165,3.85603e-08,21758,"ebi-a-GCST90012034","rs4000725","C","A",0.8548,"Resistin levels || id:ebi-a-GCST90012034",TRUE,"reported","igd"
"2","2",43355763,0.0799,0.0107,6.61302e-14,21758,"ebi-a-GCST90012034","rs17405635","A","G",0.2625,"Resistin levels || id:ebi-a-GCST90012034",TRUE,"reported","igd"
"3","2",43561771,-0.0626,0.0095,4.63554e-11,21758,"ebi-a-GCST90012034","rs7589428","G","A",0.491,"Resistin levels || id:ebi-a-GCST90012034",TRUE,"reported","igd"
"4","3",128306894,0.0632,0.0107,3.17001e-09,21758,"ebi-a-GCST90012034","rs6775731","C","T",0.6978,"Resistin levels || id:ebi-a-GCST90012034",TRUE,"reported","igd"
"5","6",144411338,0.1926,0.0204,3.68299e-21,21758,"ebi-a-GCST90012034","rs73008259","A","G",0.0527,"Resistin levels || id:ebi-a-GCST90012034",TRUE,"reported","igd"
"6","6",144368898,0.121,0.0162,7.2711e-14,21758,"ebi-a-GCST90012034","rs2143151","G","T",0.9131,"Resistin levels || id:ebi-a-GCST90012034",TRUE,"reported","igd"
"7","6",52453220,-0.0532,0.0097,4.06499e-08,21758,"ebi-a-GCST90012034","rs2239619","A","C",0.6221,"Resistin levels || id:ebi-a-GCST90012034",TRUE,"reported","igd"
"8","7",92408370,-0.085,0.0154,3.29701e-08,21758,"ebi-a-GCST90012034","rs445","T","C",0.1008,"Resistin levels || id:ebi-a-GCST90012034",TRUE,"reported","igd"
"9","8",130602281,-0.0596,0.0096,5.24904e-10,21758,"ebi-a-GCST90012034","rs10103048","C","A",0.5849,"Resistin levels || id:ebi-a-GCST90012034",TRUE,"reported","igd"
"10","17",38137364,-0.0861,0.0094,6.59629e-20,21758,"ebi-a-GCST90012034","rs3087852","A","G",0.4597,"Resistin levels || id:ebi-a-GCST90012034",TRUE,"reported","igd"
"11","19",7733676,-0.4782,0.0345,8.42752e-44,21758,"ebi-a-GCST90012034","rs34124816","C","A",0.0409,"Resistin levels || id:ebi-a-GCST90012034",TRUE,"reported","igd"
"12","19",7739177,-0.1886,0.0167,2.05211e-29,21758,"ebi-a-GCST90012034","rs1423096","C","T",0.9072,"Resistin levels || id:ebi-a-GCST90012034",TRUE,"reported","igd"
"13","19",7734001,0.3352,0.0585,1.00201e-08,21758,"ebi-a-GCST90012034","rs35547567","T","C",0.0154,"Resistin levels || id:ebi-a-GCST90012034",TRUE,"reported","igd"
